anio,posicion,seleccion
2022,1,Argentina
2022,2,Francia
2022,3,Croacia
2022,4,Marruecos
2022,5,Paises Bajos
2022,6,Inglaterra
2022,7,Brasil
2022,8,Portugal
2022,9,Japón
2022,10,Senegal
2022,11,Australia
2022,12,Suiza
2022,13,España
2022,14,Estados Unidos
2022,15,Polonia
2022,16,Corea del Sur
2022,17,Alemania
2022,18,Ecuador
2022,19,Camerún
2022,20,Uruguay
2022,21,Túnez
2022,22,México
2022,23,Bélgica
2022,24,Ghana
2022,25,Arabia Saudita
2022,26,Irán
2022,27,Costa Rica
2022,28,Dinamarca
2022,29,Serbia
2022,30,Gales
2022,31,Canadá
2022,32,Catar
2018,1,Francia
2018,2,Croacia
2018,3,Bélgica
2018,4,Inglaterra
2018,5,Uruguay
2018,6,Brasil
2018,7,Suecia
2018,8,Rusia
2018,9,Colombia
2018,10,España
2018,11,Dinamarca
2018,12,México
2018,13,Portugal
2018,14,Suiza
2018,15,Japón
2018,16,Argentina
2018,17,Senegal
2018,18,Irán
2018,19,Corea del Sur
2018,20,Perú
2018,21,Nigeria
2018,22,Alemania
2018,23,Serbia
2018,24,Túnez
2018,25,Polonia
2018,26,Arabia Saudita
2018,27,Marruecos
2018,28,Islandia
2018,29,Costa Rica
2018,30,Australia
2018,31,Egipto
2018,32,Panamá
2014,1,Alemania
2014,2,Argentina
2014,3,Paises Bajos
2014,4,Brasil
2014,5,Colombia
2014,6,Bélgica
2014,7,Francia
2014,8,Costa Rica
2014,9,Chile
2014,10,México
2014,11,Suiza
2014,12,Uruguay
2014,13,Grecia
2014,14,Argelia
2014,15,Estados Unidos
2014,16,Nigeria
2014,17,Ecuador
2014,18,Portugal
2014,19,Croacia
2014,20,Bosnia-Herzegovina
2014,21,Costa de Marfil
2014,22,Italia
2014,23,España
2014,24,Rusia
2014,25,Ghana
2014,26,Inglaterra
2014,27,Corea del Sur
2014,28,Irán
2014,29,Japón
2014,30,Australia
2014,31,Honduras
2014,32,Camerún
2010,1,España
2010,2,Paises Bajos
2010,3,Alemania
2010,4,Uruguay
2010,5,Argentina
2010,6,Brasil
2010,7,Ghana
2010,8,Paraguay
2010,9,Japón
2010,10,Chile
2010,11,Portugal
2010,12,Estados Unidos
2010,13,Inglaterra
2010,14,México
2010,15,Corea del Sur
2010,16,Eslovaquia
2010,17,Costa de Marfil
2010,18,Eslovenia
2010,19,Suiza
2010,20,Sudáfrica
2010,21,Australia
2010,22,Nueva Zelanda
2010,23,Serbia
2010,24,Dinamarca
2010,25,Grecia
2010,26,Italia
2010,27,Nigeria
2010,28,Argelia
2010,29,Francia
2010,30,Honduras
2010,31,Camerún
2010,32,Corea del Norte
2006,1,Italia
2006,2,Francia
2006,3,Alemania
2006,4,Portugal
2006,5,Brasil
2006,6,Argentina
2006,7,Inglaterra
2006,8,Ucrania
2006,9,España
2006,10,Suiza
2006,11,Paises Bajos
2006,12,Ecuador
2006,13,Ghana
2006,14,Suecia
2006,15,México
2006,16,Australia
2006,17,Corea del Sur
2006,18,Paraguay
2006,19,Costa de Marfil
2006,20,República Checa
2006,21,Polonia
2006,22,Croacia
2006,23,Angola
2006,24,Túnez
2006,25,Estados Unidos
2006,26,Irán
2006,27,Trinidad y Tobago
2006,28,Arabia Saudita
2006,29,Japón
2006,30,Togo
2006,31,Costa Rica
2006,32,Serbia y Montenegro
2002,1,Brasil
2002,2,Alemania
2002,3,Turquía
2002,4,Corea del Sur
2002,5,España
2002,6,Inglaterra
2002,7,Senegal
2002,8,Estados Unidos
2002,9,Japón
2002,10,Dinamarca
2002,11,México
2002,12,Irlanda
2002,13,Suecia
2002,14,Bélgica
2002,15,Italia
2002,16,Paraguay
2002,17,Sudáfrica
2002,18,Argentina
2002,19,Costa Rica
2002,20,Camerún
2002,21,Portugal
2002,22,Rusia
2002,23,Croacia
2002,24,Ecuador
2002,25,Polonia
2002,26,Uruguay
2002,27,Nigeria
2002,28,Francia
2002,29,Túnez
2002,30,Eslovenia
2002,31,China
2002,32,Arabia Saudita
1998,1,Francia
1998,2,Brasil
1998,3,Croacia
1998,4,Paises Bajos
1998,5,Italia
1998,6,Argentina
1998,7,Alemania
1998,8,Dinamarca
1998,9,Inglaterra
1998,10,RF de Yugoslavia
1998,11,Rumania
1998,12,Nigeria
1998,13,México
1998,14,Paraguay
1998,15,Noruega
1998,16,Chile
1998,17,España
1998,18,Marruecos
1998,19,Bélgica
1998,20,Irán
1998,21,Colombia
1998,22,Jamaica
1998,23,Austria
1998,24,Sudáfrica
1998,25,Camerún
1998,26,Túnez
1998,27,Escocia
1998,28,Arabia Saudita
1998,29,Bulgaria
1998,30,Corea del Sur
1998,31,Japón
1998,32,Estados Unidos
1994,1,Brasil
1994,2,Italia
1994,3,Suecia
1994,4,Bulgaria
1994,5,Alemania
1994,6,Rumania
1994,7,Paises Bajos
1994,8,España
1994,9,Nigeria
1994,10,Argentina
1994,11,Bélgica
1994,12,Arabia Saudita
1994,13,México
1994,14,Estados Unidos
1994,15,Suiza
1994,16,Irlanda
1994,17,Noruega
1994,18,Rusia
1994,19,Colombia
1994,20,Corea del Sur
1994,21,Bolivia
1994,22,Camerún
1994,23,Marruecos
1994,24,Grecia
1990,1,Alemania Occidental
1990,2,Argentina
1990,3,Italia
1990,4,Inglaterra
1990,5,Yugoslavia
1990,6,Checoslovaquia
1990,7,Camerún
1990,8,Irlanda
1990,9,Brasil
1990,10,España
1990,11,Bélgica
1990,12,Rumania
1990,13,Costa Rica
1990,14,Colombia
1990,15,Paises Bajos
1990,16,Uruguay
1990,17,URSS
1990,18,Austria
1990,18,Escocia
1990,20,Egipto
1990,21,Suecia
1990,22,Corea del Sur
1990,23,Estados Unidos
1990,24,Emiratos Arabes
1986,1,Argentina
1986,2,Alemania Occidental
1986,3,Francia
1986,4,Bélgica
1986,5,Brasil
1986,6,México
1986,7,España
1986,8,Inglaterra
1986,9,Dinamarca
1986,10,URSS
1986,11,Marruecos
1986,12,Italia
1986,13,Paraguay
1986,14,Polonia
1986,15,Bulgaria
1986,16,Uruguay
1986,17,Portugal
1986,18,Hungría
1986,19,Escocia
1986,20,Corea del Sur
1986,21,Irlanda del Norte
1986,22,Argelia
1986,23,Iraq
1986,24,Canadá
1982,1,Italia
1982,2,Alemania Occidental
1982,3,Polonia
1982,4,Francia
1982,5,Brasil
1982,6,Inglaterra
1982,7,URSS
1982,8,Austria
1982,9,Irlanda del Norte
1982,10,Bélgica
1982,11,Argentina
1982,12,España
1982,13,Argelia
1982,14,Hungría
1982,15,Escocia
1982,16,Yugoslavia
1982,17,Camerún
1982,18,Honduras
1982,19,Checoslovaquia
1982,20,Perú
1982,21,Kuwait
1982,22,Chile
1982,23,Nueva Zelanda
1982,24,El Salvador
1978,1,Argentina
1978,2,Paises Bajos
1978,3,Brasil
1978,4,Italia
1978,5,Polonia
1978,6,Alemania Occidental
1978,7,Austria
1978,8,Perú
1978,9,Túnez
1978,10,España
1978,11,Escocia
1978,12,Francia
1978,13,Suecia
1978,14,Irán
1978,15,Hungría
1978,16,México
1974,1,Alemania Occidental
1974,2,Paises Bajos
1974,3,Polonia
1974,4,Brasil
1974,5,Suecia
1974,6,Alemania Oriental
1974,7,Yugoslavia
1974,8,Argentina
1974,9,Escocia
1974,10,Italia
1974,11,Chile
1974,12,Bulgaria
1974,13,Uruguay
1974,14,Australia
1974,15,Haití
1974,16,Zaire
1970,1,Brasil
1970,2,Italia
1970,3,Alemania Occidental
1970,4,Uruguay
1970,5,URSS
1970,6,México
1970,7,Perú
1970,8,Inglaterra
1970,9,Suecia
1970,10,Bélgica
1970,10,Rumania
1970,12,Israel
1970,13,Bulgaria
1970,14,Marruecos
1970,15,Checoslovaquia
1970,16,El Salvador
1966,1,Inglaterra
1966,2,Alemania Occidental
1966,3,Portugal
1966,4,URSS
1966,5,Argentina
1966,6,Hungría
1966,7,Uruguay
1966,8,Corea del Norte
1966,9,Italia
1966,10,España
1966,11,Brasil
1966,12,México
1966,13,Chile
1966,13,Francia
1966,15,Bulgaria
1966,16,Suiza
1962,1,Brasil
1962,2,Checoslovaquia
1962,3,Chile
1962,4,Yugoslavia
1962,5,Hungría
1962,6,URSS
1962,7,Alemania Occidental
1962,8,Inglaterra
1962,9,Italia
1962,10,Argentina
1962,11,México
1962,12,España
1962,13,Uruguay
1962,14,Colombia
1962,15,Bulgaria
1962,16,Suiza
1958,1,Brasil
1958,2,Suecia
1958,3,Francia
1958,4,Alemania Occidental
1958,5,Gales
1958,6,URSS
1958,7,Irlanda del Norte
1958,8,Yugoslavia
1958,9,Checoslovaquia
1958,10,Hungría
1958,11,Inglaterra
1958,12,Paraguay
1958,13,Argentina
1958,14,Escocia
1958,15,Austria
1958,16,México
1954,1,Alemania Occidental
1954,2,Hungría
1954,3,Austria
1954,4,Uruguay
1954,5,Suiza
1954,6,Brasil
1954,7,Inglaterra
1954,8,Yugoslavia
1954,9,Francia
1954,10,Italia
1954,11,Turquía
1954,12,Bélgica
1954,13,México
1954,14,Checoslovaquia
1954,15,Escocia
1954,16,Corea del Sur
1950,1,Uruguay
1950,2,Brasil
1950,3,Suecia
1950,4,España
1950,5,Yugoslavia
1950,6,Suiza
1950,7,Italia
1950,8,Inglaterra
1950,9,Chile
1950,10,Estados Unidos
1950,11,Paraguay
1950,12,México
1950,13,Bolivia
1938,1,Italia
1938,2,Hungría
1938,3,Brasil
1938,4,Suecia
1938,5,Checoslovaquia
1938,6,Suiza
1938,7,Cuba
1938,8,Francia
1938,9,Rumania
1938,10,Alemania
1938,11,Polonia
1938,12,Noruega
1938,13,Bélgica
1938,14,Paises Bajos
1938,15,Indias Orientales Holand.
1938,16,Austria
1934,1,Italia
1934,2,Checoslovaquia
1934,3,Alemania
1934,4,Austria
1934,5,España
1934,6,Hungría
1934,7,Suiza
1934,8,Suecia
1934,9,Argentina
1934,9,Francia
1934,9,Paises Bajos
1934,12,Rumania
1934,13,Egipto
1934,14,Brasil
1934,15,Bélgica
1934,16,Estados Unidos
1930,1,Uruguay
1930,2,Argentina
1930,3,Estados Unidos
1930,4,Yugoslavia
1930,5,Chile
1930,6,Brasil
1930,7,Francia
1930,8,Rumania
1930,9,Paraguay
1930,10,Perú
1930,11,Bélgica
1930,12,Bolivia
1930,13,México
